ID,Section,Ordinal,OneIndex,Question,A,B,C,D,E,F,G,H,I,J
Q1,1,True,True,Indicate how important family is in your life. Would you say it is:,Very important,Rather important,Not very important,Not at all important,,,,,,
Q2,1,True,True,Indicate how important friends is in your life. Would you say it is:,Very important,Rather important,Not very important,Not at all important,,,,,,
Q3,1,True,True,Indicate how important leisure time is in your life. Would you say it is:,Very important,Rather important,Not very important,Not at all important,,,,,,
Q4,1,True,True,Indicate how important politics is in your life. Would you say it is:,Very important,Rather important,Not very important,Not at all important,,,,,,
Q5,1,True,True,Indicate how important work is in your life. Would you say it is:,Very important,Rather important,Not very important,Not at all important,,,,,,
Q6,1,True,True,Indicate how important religion is in your life. Would you say it is:,Very important,Rather important,Not very important,Not at all important,,,,,,
Q18,1,False,True,Please mention if you would not like to have drug addicts as neighbors.,Mentioned,Not mentioned,,,,,,,,
Q19,1,False,True,Please mention if you would not like to have people of a different race as neighbors.,Mentioned,Not mentioned,,,,,,,,
Q20,1,False,True,Please mention if you would not like to have people who have aids as neighbors.,Mentioned,Not mentioned,,,,,,,,
Q21,1,False,True,Please mention if you would not like to have immigrants/foreign workers as neighbors.,Mentioned,Not mentioned,,,,,,,,
Q22,1,False,True,Please mention if you would not like to have homosexuals as neighbors.,Mentioned,Not mentioned,,,,,,,,
Q23,1,False,True,Please mention if you would not like to have people of a different religion as neighbors.,Mentioned,Not mentioned,,,,,,,,
Q24,1,False,True,Please mention if you would not like to have heavy drinkers as neighbors.,Mentioned,Not mentioned,,,,,,,,
Q25,1,False,True,Please mention if you would not like to have unmarried couples living together as neighbors.,Mentioned,Not mentioned,,,,,,,,
Q26,1,False,True,Please mention if you would not like to have people who speak a different language as neighbors.,Mentioned,Not mentioned,,,,,,,,
Q27,1,True,True,"Can you tell me how strongly you agree or disagree with the statement that ""One of my main goals in life has been to make my parents proud""? Do you strongly agree, agree, disagree, or strongly disagree?",Strongly agree,Agree,Disagree,Strongly disagree,,,,,,
Q28,1,True,True,"Can you tell me how strongly you agree or disagree with the statement that ""When a mother works for pay, the children suffer""? Do you strongly agree, agree, disagree, or strongly disagree?",Strongly agree,Agree,Disagree,Strongly disagree,,,,,,
Q29,1,True,True,"Can you tell me how strongly you agree or disagree with the statement that ""On the whole, men make better political leaders than women do""? Do you strongly agree, agree, disagree, or strongly disagree?",Strongly agree,Agree,Disagree,Strongly disagree,,,,,,
Q30,1,True,True,"Can you tell me how strongly you agree or disagree with the statement that ""A university education is more important for a boy than for a girl""? Do you strongly agree, agree, disagree, or strongly disagree?",Strongly agree,Agree,Disagree,Strongly disagree,,,,,,
Q31,1,True,True,"Can you tell me how strongly you agree or disagree with the statement that ""On the whole, men make better business executives than women do""? Do you strongly agree, agree, disagree, or strongly disagree?",Strongly agree,Agree,Disagree,Strongly disagree,,,,,,
Q32,1,True,True,"Can you tell me how strongly you agree or disagree with the statement that ""Being a housewife is just as fulfilling as working for pay""? Do you strongly agree, agree, disagree, or strongly disagree?",Strongly agree,Agree,Disagree,Strongly disagree,,,,,,
Q33,1,True,True,"How would you feel about the statement that ""When jobs are scarce, men should have more right to a job than women""? Do you agree or disagree with it?",Agree strongly,Agree,Neither agree nor disagree,Disagree,Disagree strongly,,,,,
Q34,1,True,True,"How would you feel about the statement that ""When  jobs are scarce, employers should  give priority to people of this country over immigrants""? Do you agree or disagree with it?",Agree strongly,Agree,Neither agree nor disagree,Disagree,Disagree strongly,,,,,
Q35,1,True,True,"How would you feel about the statement that ""If a woman earns more money than her husband, it's almost certain to cause problems""? Do you agree or disagree with it?",Agree strongly,Agree,Neither agree nor disagree,Disagree,Disagree strongly,,,,,
Q36,1,True,True,"How would you feel about the statement that ""Homosexual couples are as good parents as other couples""? Do you agree or disagree with it?",Agree strongly,Agree,Neither agree nor disagree,Disagree,Disagree strongly,,,,,
Q37,1,True,True,"How would you feel about the statement that ""It is a duty towards society to have children""? Do you agree or disagree with it?",Agree strongly,Agree,Neither agree nor disagree,Disagree,Disagree strongly,,,,,
Q38,1,True,True,"How would you feel about the statement that ""Adult children have the duty to provide long-term care for their parents""? Do you agree or disagree with it?",Agree strongly,Agree,Neither agree nor disagree,Disagree,Disagree strongly,,,,,
Q39,1,True,True,"How would you feel about the statement that ""People who don’t work turn lazy""? Do you agree or disagree with it?",Agree strongly,Agree,Neither agree nor disagree,Disagree,Disagree strongly,,,,,
Q40,1,True,True,"How would you feel about the statement that ""Work is a duty towards society""? Do you agree or disagree with it?",Agree strongly,Agree,Neither agree nor disagree,Disagree,Disagree strongly,,,,,
Q41,1,True,True,"How would you feel about the statement that ""Work should always come first, even if it means less spare time""? Do you agree or disagree with it?",Agree strongly,Agree,Neither agree nor disagree,Disagree,Disagree strongly,,,,,
Q42,1,False,True,There are three basic kinds of attitudes concerning the society we live in. Please choose the one which best describes your own opinion?,The entire way our society is organized must be radically changed by revolutionary action,Our society must be gradually improved by reforms,Our present society must be valiantly defended against all subversive forces,,,,,,,
Q43,1,True,True,"The following change in our way of life might take place in the near future. Please tell me, if there were less importance placed on work in our lives, do you think it would be a good thing, a bad thing, or you wouldn't mind?",Good,Don’t mind,Bad,,,,,,,
Q44,1,True,True,"The following change in our way of life might take place in the near future. Please tell me, if there were more emphasis on the development of technology, do you think it would be a good thing, a bad thing, or you wouldn't mind?",Good,Don’t mind,Bad,,,,,,,
Q45,1,True,True,"The following change in our way of life might take place in the near future. Please tell me, if there were greater respect for authority, do you think it would be a good thing, a bad thing, or you wouldn't mind?",Good,Don’t mind,Bad,,,,,,,
Q46,2,True,True,"Taking all things together, would you say you are:",Very happy,Rather happy,Not very happy,Not at all happy,,,,,,
Q47,2,True,True,"All in all, how would you describe your state of health these days? Would you say it is…:",Very good,Good,Fair,Poor,Very poor,,,,,
Q48,2,True,True,"Some people feel they have completely free choice and control over their lives, while other people feel that what they do has no real effect on what happens to them. Please use this scale where 1 means ""no choice at all"" and 10 means ""a great deal of choice"" to indicate how much freedom of choice and control you feel you have over the way your life turns out.",1 (No choice at all),2,3,4,5,6,7,8,9,10 (A great deal of choice)
Q49,2,True,True,"All things considered, how satisfied are you with your life as a whole these days? Using the numbers from 1 to 10 among which 1 means you are “completely dissatisfied” and 10 means you are “completely satisfied”, where would you put your satisfaction with your life as a whole?",1 (Completely dissatisfied),2,3,4,5,6,7,8,9,10 (Completely satisfied)
Q50,2,True,True,"All things considered, how satisfied are you with your life as a whole these days? Using the numbers from 1 to 10 among which 1 means you are “completely dissatisfied” and 10 means you are “completely satisfied”, where would you put your satisfaction with your life as a whole?",1 (Completely dissatisfied),2,3,4,5,6,7,8,9,10 (Completely satisfied)
Q51,2,True,True,"In the last 12 months, how often have your or your family gone without enough food to eat?",Often,Sometimes,Rarely,Never,,,,,,
Q52,2,True,True,"In the last 12 months, how often have your or your family felt unsafe from crime in your home?",Often,Sometimes,Rarely,Never,,,,,,
Q53,2,True,True,"In the last 12 months, how often have your or your family gone without medicine or medical treatment that you needed?",Often,Sometimes,Rarely,Never,,,,,,
Q54,2,True,True,"In the last 12 months, how often have your or your family gone without a cash income?",Often,Sometimes,Rarely,Never,,,,,,
Q55,2,True,True,"In the last 12 months, how often have your or your family gone without a safe shelter over your head?",Often,Sometimes,Rarely,Never,,,,,,
Q56,2,False,True,"Comparing your standard of living with your parents’ standard of living when they were about your age, would you say that you are better off, worse off or about the same?",Better off,Worse off,Or about the same,,,,,,,
Q57,3,False,True,"Generally speaking, would you say that most people can be trusted or that you need to be very careful in dealing with people?",Most people can be trusted,Need to be very careful,,,,,,,,
Q58,3,True,True,"I‘d like to ask you how much you trust people from a particular group. Could you tell me whether you trust your family completely, somewhat, not very much or not at all?",Trust completely,Trust somewhat,Do not trust very much,Do not trust at all,,,,,,
Q59,3,True,True,"I‘d like to ask you how much you trust people from a particular group. Could you tell me whether you trust your neighborhood completely, somewhat, not very much or not at all?",Trust completely,Trust somewhat,Do not trust very much,Do not trust at all,,,,,,
Q60,3,True,True,"I‘d like to ask you how much you trust people from a particular group. Could you tell me whether you trust people you know personally completely, somewhat, not very much or not at all?",Trust completely,Trust somewhat,Do not trust very much,Do not trust at all,,,,,,
Q61,3,True,True,"I‘d like to ask you how much you trust people from a particular group. Could you tell me whether you trust people you meet for the first time completely, somewhat, not very much or not at all?",Trust completely,Trust somewhat,Do not trust very much,Do not trust at all,,,,,,
Q62,3,True,True,"I‘d like to ask you how much you trust people from a particular group. Could you tell me whether you trust people of another religion completely, somewhat, not very much or not at all?",Trust completely,Trust somewhat,Do not trust very much,Do not trust at all,,,,,,
Q63,3,True,True,"I‘d like to ask you how much you trust people from a particular group. Could you tell me whether you trust people of another nationality completely, somewhat, not very much or not at all?",Trust completely,Trust somewhat,Do not trust very much,Do not trust at all,,,,,,
Q64,3,True,True,"Could you tell me how much confidence you have in The churches/mosques/temples/etc.: is it a great deal of confidence, quite a lot of confidence, not very much confidence or none at all?",A great deal,Quite a lot,Not very much,None at all,,,,,,
Q65,3,True,True,"Could you tell me how much confidence you have in The armed forces: is it a great deal of confidence, quite a lot of confidence, not very much confidence or none at all?",A great deal,Quite a lot,Not very much,None at all,,,,,,
Q66,3,True,True,"Could you tell me how much confidence you have in The press: is it a great deal of confidence, quite a lot of confidence, not very much confidence or none at all?",A great deal,Quite a lot,Not very much,None at all,,,,,,
Q67,3,True,True,"Could you tell me how much confidence you have in Television: is it a great deal of confidence, quite a lot of confidence, not very much confidence or none at all?",A great deal,Quite a lot,Not very much,None at all,,,,,,
Q68,3,True,True,"Could you tell me how much confidence you have in Labor unions: is it a great deal of confidence, quite a lot of confidence, not very much confidence or none at all?",A great deal,Quite a lot,Not very much,None at all,,,,,,
Q69,3,True,True,"Could you tell me how much confidence you have in The police: is it a great deal of confidence, quite a lot of confidence, not very much confidence or none at all?",A great deal,Quite a lot,Not very much,None at all,,,,,,
Q70,3,True,True,"Could you tell me how much confidence you have in The courts: is it a great deal of confidence, quite a lot of confidence, not very much confidence or none at all?",A great deal,Quite a lot,Not very much,None at all,,,,,,
Q71,3,True,True,"Could you tell me how much confidence you have in The government: is it a great deal of confidence, quite a lot of confidence, not very much confidence or none at all?",A great deal,Quite a lot,Not very much,None at all,,,,,,
Q72,3,True,True,"Could you tell me how much confidence you have in Political parties: is it a great deal of confidence, quite a lot of confidence, not very much confidence or none at all?",A great deal,Quite a lot,Not very much,None at all,,,,,,
Q73,3,True,True,"Could you tell me how much confidence you have in Parliament: is it a great deal of confidence, quite a lot of confidence, not very much confidence or none at all?",A great deal,Quite a lot,Not very much,None at all,,,,,,
Q74,3,True,True,"Could you tell me how much confidence you have in The civil service: is it a great deal of confidence, quite a lot of confidence, not very much confidence or none at all?",A great deal,Quite a lot,Not very much,None at all,,,,,,
Q75,3,True,True,"Could you tell me how much confidence you have in Universities: is it a great deal of confidence, quite a lot of confidence, not very much confidence or none at all?",A great deal,Quite a lot,Not very much,None at all,,,,,,
Q76,3,True,True,"Could you tell me how much confidence you have in Elections: is it a great deal of confidence, quite a lot of confidence, not very much confidence or none at all?",A great deal,Quite a lot,Not very much,None at all,,,,,,
Q77,3,True,True,"Could you tell me how much confidence you have in Major companies: is it a great deal of confidence, quite a lot of confidence, not very much confidence or none at all?",A great deal,Quite a lot,Not very much,None at all,,,,,,
Q78,3,True,True,"Could you tell me how much confidence you have in Banks: is it a great deal of confidence, quite a lot of confidence, not very much confidence or none at all?",A great deal,Quite a lot,Not very much,None at all,,,,,,
Q79,3,True,True,"Could you tell me how much confidence you have in Environmental organizations: is it a great deal of confidence, quite a lot of confidence, not very much confidence or none at all?",A great deal,Quite a lot,Not very much,None at all,,,,,,
Q80,3,True,True,"Could you tell me how much confidence you have in Women’s organizations: is it a great deal of confidence, quite a lot of confidence, not very much confidence or none at all?",A great deal,Quite a lot,Not very much,None at all,,,,,,
Q81,3,True,True,"Could you tell me how much confidence you have in Charitable or humanitarian organizations: is it a great deal of confidence, quite a lot of confidence, not very much confidence or none at all?",A great deal,Quite a lot,Not very much,None at all,,,,,,
Q82,3,True,True,"Could you tell me how much confidence you have in The European Union: is it a great deal of confidence, quite a lot of confidence, not very much confidence or none at all?",A great deal,Quite a lot,Not very much,None at all,,,,,,
Q83,3,True,True,"Could you tell me how much confidence you have in The United Nations: is it a great deal of confidence, quite a lot of confidence, not very much confidence or none at all?",A great deal,Quite a lot,Not very much,None at all,,,,,,
Q84,3,True,True,"Could you tell me how much confidence you have in The International Monetary Fund (IMF): is it a great deal of confidence, quite a lot of confidence, not very much confidence or none at all?",A great deal,Quite a lot,Not very much,None at all,,,,,,
Q85,3,True,True,"Could you tell me how much confidence you have in International Criminal Court (ICC): is it a great deal of confidence, quite a lot of confidence, not very much confidence or none at all?",A great deal,Quite a lot,Not very much,None at all,,,,,,
Q86,3,True,True,"Could you tell me how much confidence you have in The North Atlantic Treaty Organization (NATO): is it a great deal of confidence, quite a lot of confidence, not very much confidence or none at all?",A great deal,Quite a lot,Not very much,None at all,,,,,,
Q87,3,True,True,"Could you tell me how much confidence you have in The World Bank: is it a great deal of confidence, quite a lot of confidence, not very much confidence or none at all?",A great deal,Quite a lot,Not very much,None at all,,,,,,
Q88,3,True,True,"Could you tell me how much confidence you have in The World Health Organization (WHO): is it a great deal of confidence, quite a lot of confidence, not very much confidence or none at all?",A great deal,Quite a lot,Not very much,None at all,,,,,,
Q89,3,True,True,"Could you tell me how much confidence you have in The World Trade Organization (WTO): is it a great deal of confidence, quite a lot of confidence, not very much confidence or none at all?",A great deal,Quite a lot,Not very much,None at all,,,,,,
Q90,3,True,True,"Nowadays  there’s  a  lot  of  talk  about  international  organizations.  People  sometimes  say  that  international organizations  should  prioritize  improving  people’s  lives,  even  if  this  may  imply  that  decisions  are  not  made democratically. What do you think should international organizations prioritize, being effective or being democratic? If your views are somewhat mixed, choose the appropriate number in between.",1 (Being effective),2,3,4,5,6,7,8,9,10 (Being democratic)
Q91,3,False,True,"Many people don't know the answers to this question, but if you do please tell me. Five countries have permanent seats on the Security Council of the United Nations. Which
one of the following is not a member?",France,China,India,,,,,,,
Q92,3,False,True,"Many people don't know the answers to this question, but if you do please tell me. Where   are   the   headquarters   of   the   International   Monetary   Fund   (IMF)   located?",Washington DC,London,Geneva,,,,,,,
Q93,3,False,True,"Many people don't know the answers to this question, but if you do please tell me. Which of the following problems does the organization Amnesty International deal with?",Climate change,Human rights,Destruction of historic monuments,,,,,,,
Q94,3,True,False,"Could you tell me whether you are an active member, an inactive member or not a member of a church or religious organization?",Don't belong,Inactive member,Active member,,,,,,,
Q95,3,True,False,"Could you tell me whether you are an active member, an inactive member or not a member of a sport or recreational organization, football/baseball/rugby team?",Don't belong,Inactive member,Active member,,,,,,,
Q96,3,True,False,"Could you tell me whether you are an active member, an inactive member or not a member of a art, music or educational organization?",Don't belong,Inactive member,Active member,,,,,,,
Q97,3,True,False,"Could you tell me whether you are an active member, an inactive member or not a member of a labor union?",Don't belong,Inactive member,Active member,,,,,,,
Q98,3,True,False,"Could you tell me whether you are an active member, an inactive member or not a member of a political party?",Don't belong,Inactive member,Active member,,,,,,,
Q99,3,True,False,"Could you tell me whether you are an active member, an inactive member or not a member of a environmental organization?",Don't belong,Inactive member,Active member,,,,,,,
Q100,3,True,False,"Could you tell me whether you are an active member, an inactive member or not a member of a professional association?",Don't belong,Inactive member,Active member,,,,,,,
Q101,3,True,False,"Could you tell me whether you are an active member, an inactive member or not a member of a humanitarian or charitable organization?",Don't belong,Inactive member,Active member,,,,,,,
Q102,3,True,False,"Could you tell me whether you are an active member, an inactive member or not a member of a consumer organization?",Don't belong,Inactive member,Active member,,,,,,,
Q103,3,True,False,"Could you tell me whether you are an active member, an inactive member or not a member of a self-help group, mutual aid group?",Don't belong,Inactive member,Active member,,,,,,,
Q104,3,True,False,"Could you tell me whether you are an active member, an inactive member or not a member of a women’s group?",Don't belong,Inactive member,Active member,,,,,,,
Q105,3,True,False,"Could you tell me whether you are an active member, an inactive member or not a member of a other organization?",Don't belong,Inactive member,Active member,,,,,,,
Q106,4,True,True,"How would you place your views on this scale? 1 means you agree completely with the statement that ""Incomes should be made more equal"". 10 means you agree completely with the statement that ""There should be greater incentives for individual effort"". And if your views fall somewhere in between, you can choose any number in between.",1 (Incomes should be made more equal),2,3,4,5,6,7,8,9,10 (There should be greater incentives for individual effort)
Q107,4,True,True,"How would you place your views on this scale? 1 means you agree completely with the statement that ""Private ownership of business and industry should be increased"". 10 means you agree completely with the statement that ""Government ownership of business and industry should be increased"". And if your views fall somewhere in between, you can choose any number in between.",1 (Private ownership of business and industry should be increased),2,3,4,5,6,7,8,9,10 (Government ownership of business and industry should be increased)
Q108,4,True,True,"How would you place your views on this scale? 1 means you agree completely with the statement that ""Government should take more responsibility to ensure that everyone is provided for"". 10 means you agree completely with the statement that ""People should take more responsibility to provide for themselves"". And if your views fall somewhere in between, you can choose any number in between.",1 (Government should take more responsibility to ensure that everyone is provided for),2,3,4,5,6,7,8,9,10 (People should take more responsibility to provide for themselves)
Q109,4,True,True,"How would you place your views on this scale? 1 means you agree completely with the statement that ""Competition is good"". 10 means you agree completely with the statement that ""Competition is harmful"". And if your views fall somewhere in between, you can choose any number in between.",1 (Competition is good),2,3,4,5,6,7,8,9,10 (Competition is harmful)
Q110,4,True,True,"How would you place your views on this scale? 1 means you agree completely with the statement that ""In the long run, hard work usually brings a better life"". 10 means you agree completely with the statement that ""Hard work doesn’t generally bring success—it’s more a matter of luck and connections"". And if your views fall somewhere in between, you can choose any number in between.","1 (In the long run, hard work usually brings a better life)",2,3,4,5,6,7,8,9,10 (Hard work doesn’t generally bring success—it’s more a matter of luck and connections)
Q111,4,False,True,Here are two statements people sometimes make when discussing the environment and economic growth. Which of them comes closer to your own point of view?,Protecting the environment should be given priority even if it causes slower economic growth and some loss of jobs,Economic growth and creating jobs should be the top priority even if the environment suffers to some extent,Other answer,,,,,,,
Q112,5,True,True,"Now I'd like you to tell me your views on corruption – when people pay a bribe, give a gift or do a favor to other people in order to get the things they need done or the services they need. How would you place your views on corruption in your country on a 10-point scale where “1” means “there is no corruption in my country” and “10” means “there is abundant corruption in my country”. If your views are somewhat mixed, choose the appropriate number in between.",1 (There is no corruption in my country),2,3,4,5,6,7,8,9,10 (There is abundant corruption in my country)
Q113,5,True,True,"Do you believe that state authorities are involved in corruption? Tell me for each group if you believe it is none of them, few of them, most of them or all of them?",None of them,Few of them,Most of them,All of them,,,,,,
Q114,5,True,True,"Do you believe that business executives are involved in corruption? Tell me for each group if you believe it is none of them, few of them, most of them or all of them?",None of them,Few of them,Most of them,All of them,,,,,,
Q115,5,True,True,"Do you believe that local authorities are involved in corruption? Tell me for each group if you believe it is none of them, few of them, most of them or all of them?",None of them,Few of them,Most of them,All of them,,,,,,
Q116,5,True,True,"Do you believe that civil service providers (police, judiciary, civil servants, doctors, teachers) are involved in corruption? Tell me for each group if you believe it is none of them, few of them, most of them or all of them?",None of them,Few of them,Most of them,All of them,,,,,,
Q117,5,True,True,"Do you believe that journalists and media are involved in corruption? Tell me for each group if you believe it is none of them, few of them, most of them or all of them?",None of them,Few of them,Most of them,All of them,,,,,,
Q118,5,True,True,"We want to know about your experience with local officials and service providers, like police officers, lawyers, doctors, teachers and civil servants in your community. How often do you think ordinary people like yourself or people from your neighbourhood have to pay a bribe, give a gift or do a favor to these people in order to get the services you need? Does it happen never, rarely, frequently or always?",Never,Rarely,Frequently,Always,,,,,,
Q119,5,True,False,"Can you tell me how strongly you agree or disagree with the statement that “on the whole, women are less corrupt than men”?",Hard to say,Strongly agree,Agree,Disagree,Strongly disagree,,,,,
Q120,5,True,True,"How high is the risk in this country to be held accountable for giving or receiving a bribe, gift or favor in return for public service? To indicate your opinion, use a 10-point scale where “1” means “no risk at all” and “10” means “very high risk”.",1 (No risk at all),2,3,4,5,6,7,8,9,10 (Very high risk)
Q121,6,True,True,Now we would like to know your opinion about the people from other countries who come to live in your country - the immigrants. How would you evaluate the impact of these people on the development of your country?,Very good,Quite good,Neither good nor bad,Quite bad,Very bad,,,,,
Q122,6,True,False,"From your point of view, what have been the effects of immigration on the development of this country? Please, tell me whether you agree or disagree with the statement that ""Immigration fills important jobs vacancies"".",Disagree,Hard to say,Agree,,,,,,,
Q123,6,True,False,"From your point of view, what have been the effects of immigration on the development of this country? Please, tell me whether you agree or disagree with the statement that ""Immigration strengthens cultural diversity"".",Disagree,Hard to say,Agree,,,,,,,
Q124,6,True,False,"From your point of view, what have been the effects of immigration on the development of this country? Please, tell me whether you agree or disagree with the statement that ""Immigration increases the crime rate"".",Disagree,Hard to say,Agree,,,,,,,
Q125,6,True,False,"From your point of view, what have been the effects of immigration on the development of this country? Please, tell me whether you agree or disagree with the statement that ""Immigration gives asylum to political refugees who are persecuted elsewhere"".",Disagree,Hard to say,Agree,,,,,,,
Q126,6,True,False,"From your point of view, what have been the effects of immigration on the development of this country? Please, tell me whether you agree or disagree with the statement that ""Immigration increases the risks of terrorism"".",Disagree,Hard to say,Agree,,,,,,,
Q127,6,True,False,"From your point of view, what have been the effects of immigration on the development of this country? Please, tell me whether you agree or disagree with the statement that ""Immigration offers people from poor countries a better living"".",Disagree,Hard to say,Agree,,,,,,,
Q128,6,True,False,"From your point of view, what have been the effects of immigration on the development of this country? Please, tell me whether you agree or disagree with the statement that ""Immigration increases unemployment"".",Disagree,Hard to say,Agree,,,,,,,
Q129,6,True,False,"From your point of view, what have been the effects of immigration on the development of this country? Please, tell me whether you agree or disagree with the statement that ""Immigration leads to social conflict"".",Disagree,Hard to say,Agree,,,,,,,
Q130,6,True,True,How about people from other countries coming here to work.  Which one of the following do you think the government should do?,Let anyone come who wants to,Let people come as long as there are jobs available,Place strict limits on the number of foreigners who can come here,Prohibit people coming here from other countries,,,,,,
Q131,7,True,True,Could you tell me how secure do you feel these days?,Very secure,Quite secure,Not very secure,Not at all secure,,,,,,
Q132,7,True,True,How frequently does robberies occur in your neighborhood?,Very frequently,Quite frequently,Not frequently,Not at all frequently,,,,,,
Q133,7,True,True,How frequently does alcohol consumption in the streets occur in your neighborhood?,Very frequently,Quite frequently,Not frequently,Not at all frequently,,,,,,
Q134,7,True,True,How frequently does police or military interfere with people’s private life occur in your neighborhood?,Very frequently,Quite frequently,Not frequently,Not at all frequently,,,,,,
Q135,7,True,True,How frequently does racist behavior occur in your neighborhood?,Very frequently,Quite frequently,Not frequently,Not at all frequently,,,,,,
Q136,7,True,True,How frequently does drug sale in streets occur in your neighborhood?,Very frequently,Quite frequently,Not frequently,Not at all frequently,,,,,,
Q137,7,True,True,How frequently does street violence and fights occur in your neighborhood?,Very frequently,Quite frequently,Not frequently,Not at all frequently,,,,,,
Q138,7,True,True,How frequently does sexual harassment occur in your neighborhood?,Very frequently,Quite frequently,Not frequently,Not at all frequently,,,,,,
Q139,7,False,True,"Have you done the following for reasons of security: ""Didn’t carry much money""?",Yes,No,,,,,,,,
Q140,7,False,True,"Have you done the following for reasons of security: ""Preferred not to go out at night""?",Yes,No,,,,,,,,
Q141,7,False,True,"Have you done the following for reasons of security: ""Carried a knife, gun or other weapon""?",Yes,No,,,,,,,,
Q142,7,True,True,To what degree are you worried about losing your job or not finding a job?,Very much,A good deal,Not much,Not at all,,,,,,
Q143,7,True,True,To what degree are you worried about not being able to give your children a good education?,Very much,A good deal,Not much,Not at all,,,,,,
Q144,7,False,False,Have you been the victim of a crime during the past year?,Yes,No,,,,,,,,
Q145,7,False,False,Has someone in your immediate family been the victim of a crime during the last year?,Yes,No,,,,,,,,
Q146,7,True,True,To what degree are you worried about a war involving my country?,Very much,A good deal,Not much,Not at all,,,,,,
Q147,7,True,True,To what degree are you worried about a terrorist attack?,Very much,A good deal,Not much,Not at all,,,,,,
Q148,7,True,True,To what degree are you worried about a civil war?,Very much,A good deal,Not much,Not at all,,,,,,
Q149,7,False,True,"Most people consider both freedom and equality to be important, but if you had to choose between them, which one would you consider more important?",Freedom,Equality,,,,,,,,
Q150,7,False,True,"Most people consider both freedom and security to be important, but if you had to choose between them, which one would you consider more important?",Freedom,Security,,,,,,,,
Q151,7,False,True,"Of course, we all hope that there will not be another war, but if it were to come to that, would you be willing to fight for your country?",Yes,No,,,,,,,,
Q152,8,False,True,"People sometimes talk about what the aims of this country should be for the next ten years. Would you please say which of the following goals you, yourself, consider the most important?",A high level of economic growth,Making sure this country has strong defense forces,Seeing that people have more say about how things are done at their jobs and in their communities,Trying to make our cities and countryside more beautiful,,,,,,
Q153,8,False,True,"People sometimes talk about what the aims of this country should be for the next ten years. Would you please say which of the following goals you, yourself, consider the second most important?",A high level of economic growth,Making sure this country has strong defense forces,Seeing that people have more say about how things are done at their jobs and in their communities,Trying to make our cities and countryside more beautiful,,,,,,
Q154,8,False,True,"If you had to choose, which of the following statements would you say is the most important?",Maintaining order in the nation,Giving people more say in important government decisions,Fighting rising prices,Protecting freedom of speech,,,,,,
Q155,8,False,True,"If you had to choose, which of the following statements would you say is the second most important?",Maintaining order in the nation,Giving people more say in important government decisions,Fighting rising prices,Protecting freedom of speech,,,,,,
Q156,8,False,True,"In your opinion, which of the following statements is the most important?",A stable economy,Progress toward a less impersonal and more humane society,Progress toward a society in which ideas count more than money,The fight against crime,,,,,,
Q157,8,False,True,"In your opinion, which of the following statements is the second most important?",A stable economy,Progress toward a less impersonal and more humane society,Progress toward a society in which ideas count more than money,The fight against crime,,,,,,
Q158,8,True,True,"How much do you agree or disagree with the following statement that ""Science and technology are making our lives healthier, easier, and more comfortable."" A 1 means that you “completely disagree” and a 10 means that you “completely agree.”",1 (Completely disagree),2,3,4,5,6,7,8,9,10 (Completely agree)
Q159,8,True,True,"How much do you agree or disagree with the following statement that ""Because of science and technology, there will be more opportunities for the next generation."" A 1 means that you “completely disagree” and a 10 means that you “completely agree.”",1 (Completely disagree),2,3,4,5,6,7,8,9,10 (Completely agree)
Q160,8,True,True,"How much do you agree or disagree with the following statement that ""We depend too much on science and not enough on faith."" A 1 means that you “completely disagree” and a 10 means that you “completely agree.”",1 (Completely disagree),2,3,4,5,6,7,8,9,10 (Completely agree)
Q161,8,True,True,"How much do you agree or disagree with the following statement that ""One of the bad effects of science is that it breaks down people’s ideas of right and wrong."" A 1 means that you “completely disagree” and a 10 means that you “completely agree.”",1 (Completely disagree),2,3,4,5,6,7,8,9,10 (Completely agree)
Q162,8,True,True,"How much do you agree or disagree with the following statement that ""It is not important for me to know about science in my daily life."" A 1 means that you “completely disagree” and a 10 means that you “completely agree.”",1 (Completely disagree),2,3,4,5,6,7,8,9,10 (Completely agree)
Q163,8,True,True,"All things considered, would you say that the world is better off, or worse off, because of science and technology? Please tell me which comes closest to your view on this scale: 1 means that “the world is a lot worse off,” and 10 means that “the world is a lot better off.”",1 (A lot worse off),2,3,4,5,6,7,8,9,10 (A lot better off)
Q164,8,True,True,How important is God in your life? Please use this scale to indicate. 10 means “very important” and 1 means “not at all important.”,1 (Not at all important),2,3,4,5,6,7,8,9,10 (Very important)
Q165,8,False,True,Do you believe in God?,Yes,No,,,,,,,,
Q166,8,False,True,Do you believe in Life after death?,Yes,No,,,,,,,,
Q167,8,False,True,Do you believe in Hell?,Yes,No,,,,,,,,
Q168,8,False,True,Do you believe in Heaven?,Yes,No,,,,,,,,
Q169,8,True,True,"Please say if you strongly agree, agree, disagree, or strongly disagree with the statement that ""Whenever science and religion conflict, religion is always right"".",Strongly agree,Agree,Disagree,Strongly disagree,,,,,,
Q170,8,True,True,"Please say if you strongly agree, agree, disagree, or strongly disagree with the statement that ""The only acceptable religion is my religion"".",Strongly agree,Agree,Disagree,Strongly disagree,,,,,,
Q171,8,True,True,"Apart from weddings and funerals, about how often do you attend religious services these days?",More than once a week,Once a week,Once a month,Only on special holy days,Once a year,Less often,Never or practically never,,,
Q172,8,True,True,"Apart from weddings and funerals, about how often do you pray?",Several times a day,Once a day,Several times each week,Only when attending religious services,Only on special holy days,Once a year,Less often,Never or practically never,,
Q173,8,True,True,"Independently of whether you attend religious services or not, would you say you are…?",A religious person,Not a religious person,An atheist,,,,,,,
Q174,8,False,True,With which one of the following statements do you agree most? The basic meaning of religion is:,To follow religious norms and ceremonies,To do good to other people,,,,,,,,
Q175,8,False,True,And with which of the following statements do you agree most? The basic meaning of religion is:,To make sense of life after death,To make sense of life in this world,,,,,,,,
Q176,8,True,True,How much do you agree or disagree with the statement that nowadays one often has trouble deciding which moral rules are the right ones to follow?,1 (Completely agree),2,3,4,5,6,7,8,9,10 (Completely disagree)
Q177,8,True,True,"Please tell me if you think the action of claiming government benefits to which you are not entitled can always be justified, never be justified, or something in between.",1 (Never justifiable),2,3,4,5,6,7,8,9,10 (Always justifiable)
Q178,8,True,True,"Please tell me if you think the action of avoiding a fare on public transport can always be justified, never be justified, or something in between.",1 (Never justifiable),2,3,4,5,6,7,8,9,10 (Always justifiable)
Q179,8,True,True,"Please tell me if you think the action of stealing property can always be justified, never be justified, or something in between.",1 (Never justifiable),2,3,4,5,6,7,8,9,10 (Always justifiable)
Q180,8,True,True,"Please tell me if you think the action of cheating on taxes if you have a chance can always be justified, never be justified, or something in between.",1 (Never justifiable),2,3,4,5,6,7,8,9,10 (Always justifiable)
Q181,8,True,True,"Please tell me if you think the action of someone accepting a bribe in the course of their duties can always be justified, never be justified, or something in between.",1 (Never justifiable),2,3,4,5,6,7,8,9,10 (Always justifiable)
Q182,8,True,True,"Please tell me if you think the action of homosexuality can always be justified, never be justified, or something in between.",1 (Never justifiable),2,3,4,5,6,7,8,9,10 (Always justifiable)
Q183,8,True,True,"Please tell me if you think the action of prostitution can always be justified, never be justified, or something in between.",1 (Never justifiable),2,3,4,5,6,7,8,9,10 (Always justifiable)
Q184,8,True,True,"Please tell me if you think the action of abortion can always be justified, never be justified, or something in between.",1 (Never justifiable),2,3,4,5,6,7,8,9,10 (Always justifiable)
Q185,8,True,True,"Please tell me if you think the action of divorce can always be justified, never be justified, or something in between.",1 (Never justifiable),2,3,4,5,6,7,8,9,10 (Always justifiable)
Q186,8,True,True,"Please tell me if you think the action of sex before marriage can always be justified, never be justified, or something in between.",1 (Never justifiable),2,3,4,5,6,7,8,9,10 (Always justifiable)
Q187,8,True,True,"Please tell me if you think the action of suicide can always be justified, never be justified, or something in between.",1 (Never justifiable),2,3,4,5,6,7,8,9,10 (Always justifiable)
Q188,8,True,True,"Please tell me if you think the action of euthanasia can always be justified, never be justified, or something in between.",1 (Never justifiable),2,3,4,5,6,7,8,9,10 (Always justifiable)
Q189,8,True,True,"Please tell me if you think the action of for a man to beat his wife can always be justified, never be justified, or something in between.",1 (Never justifiable),2,3,4,5,6,7,8,9,10 (Always justifiable)
Q190,8,True,True,"Please tell me if you think the action of parents beating children can always be justified, never be justified, or something in between.",1 (Never justifiable),2,3,4,5,6,7,8,9,10 (Always justifiable)
Q191,8,True,True,"Please tell me if you think the action of violence against other people can always be justified, never be justified, or something in between.",1 (Never justifiable),2,3,4,5,6,7,8,9,10 (Always justifiable)
Q192,8,True,True,"Please tell me if you think the action of terrorism as a political, ideological or religious mean can always be justified, never be justified, or something in between.",1 (Never justifiable),2,3,4,5,6,7,8,9,10 (Always justifiable)
Q193,8,True,True,"Please tell me if you think the action of having casual sex can always be justified, never be justified, or something in between.",1 (Never justifiable),2,3,4,5,6,7,8,9,10 (Always justifiable)
Q194,8,True,True,"Please tell me if you think the action of political violence can always be justified, never be justified, or something in between.",1 (Never justifiable),2,3,4,5,6,7,8,9,10 (Always justifiable)
Q195,8,True,True,"Please tell me if you think the action of death penalty can always be justified, never be justified, or something in between.",1 (Never justifiable),2,3,4,5,6,7,8,9,10 (Always justifiable)
Q196,8,True,True,Do you think that the your country’s government should or should not have the right to keep people under video surveillance in public areas?,Definitely should have the right,Probably should have the right,Probably should not have the righ,Definitely should not have the right,,,,,,
Q197,8,True,True,Do you think that the your country’s government should or should not have the right to monitor all e-mails and any other information exchanged on the internet?,Definitely should have the right,Probably should have the right,Probably should not have the righ,Definitely should not have the right,,,,,,
Q198,8,True,True,Do you think that the your country’s government should or should not have the right to collect information about anyone living in this country without their knowledge?,Definitely should have the right,Probably should have the right,Probably should not have the righ,Definitely should not have the right,,,,,,
Q199,8,True,True,How interested would you say you are in politics?,Very interested,Somewhat interested,Not very interested,Not at all interested,,,,,,
Q200,8,True,True,"When you get together with your friends, would you say you discuss political matters frequently, occasionally or never?",Frequently,Occasionally,Never,,,,,,,
Q201,8,True,True,"People learn what is going on in this country and the world from various sources. Please indicate whether you use Daily newspapers to obtain information daily, weekly, monthly, less than monthly or never.",Daily,Weekly,Monly,Less than monthly,Never,,,,,
Q202,8,True,True,"People learn what is going on in this country and the world from various sources. Please indicate whether you use TV news to obtain information daily, weekly, monthly, less than monthly or never.",Daily,Weekly,Monly,Less than monthly,Never,,,,,
Q203,8,True,True,"People learn what is going on in this country and the world from various sources. Please indicate whether you use Radio news to obtain information daily, weekly, monthly, less than monthly or never.",Daily,Weekly,Monly,Less than monthly,Never,,,,,
Q204,8,True,True,"People learn what is going on in this country and the world from various sources. Please indicate whether you use Mobile phones to obtain information daily, weekly, monthly, less than monthly or never.",Daily,Weekly,Monly,Less than monthly,Never,,,,,
Q205,8,True,True,"People learn what is going on in this country and the world from various sources. Please indicate whether you use Email to obtain information daily, weekly, monthly, less than monthly or never.",Daily,Weekly,Monly,Less than monthly,Never,,,,,
Q206,8,True,True,"People learn what is going on in this country and the world from various sources. Please indicate whether you use Internet to obtain information daily, weekly, monthly, less than monthly or never.",Daily,Weekly,Monly,Less than monthly,Never,,,,,
Q207,8,True,True,"People learn what is going on in this country and the world from various sources. Please indicate whether you use Social media (Facebook, Twitter, etc.) to obtain information daily, weekly, monthly, less than monthly or never.",Daily,Weekly,Monly,Less than monthly,Never,,,,,
Q208,8,True,True,"People learn what is going on in this country and the world from various sources. Please indicate whether you use Talks with friends or colleagues to obtain information daily, weekly, monthly, less than monthly or never.",Daily,Weekly,Monly,Less than monthly,Never,,,,,
Q209,8,True,True,"I’d like you to say, for the following form of political action, whether you have done any of these things, whether you might do it or would never under any circumstances do it. Polticial action: ""Signing a petition.""",Have done,Might do,Would never do,,,,,,,
Q210,8,True,True,"I’d like you to say, for the following form of political action, whether you have done any of these things, whether you might do it or would never under any circumstances do it. Polticial action: ""Joining in boycotts.""",Have done,Might do,Would never do,,,,,,,
Q211,8,True,True,"I’d like you to say, for the following form of political action, whether you have done any of these things, whether you might do it or would never under any circumstances do it. Polticial action: ""Attending peaceful demonstrations.""",Have done,Might do,Would never do,,,,,,,
Q212,8,True,True,"I’d like you to say, for the following form of political action, whether you have done any of these things, whether you might do it or would never under any circumstances do it. Polticial action: ""Joining strikes.""",Have done,Might do,Would never do,,,,,,,
Q213,8,True,True,"Please, tell me for the following form of political action and social activism if you have done any of these things, whether you might do it or would never under any circumstances do it. Political action/social activism: ""Donating to a group or campaign.""",Have done,Might do,Would never do,,,,,,,
Q214,8,True,True,"Please, tell me for the following form of political action and social activism if you have done any of these things, whether you might do it or would never under any circumstances do it. Political action/social activism: ""Contacting a government official.""",Have done,Might do,Would never do,,,,,,,
Q215,8,True,True,"Please, tell me for the following form of political action and social activism if you have done any of these things, whether you might do it or would never under any circumstances do it. Political action/social activism: ""Encouraging others to take action about political issues.""",Have done,Might do,Would never do,,,,,,,
Q216,8,True,True,"Please, tell me for the following form of political action and social activism if you have done any of these things, whether you might do it or would never under any circumstances do it. Political action/social activism: ""Encouraging others to vote.""",Have done,Might do,Would never do,,,,,,,
Q217,8,True,True,"For the following form of political action that people can take using Internet and social media tools like Facebook, Twitter etc., please tell me whether you have done any of these things, whether you might do it or would never under any circumstances do it. Political action: ""Searching information about politics and political events.""",Have done,Might do,Would never do,,,,,,,
Q218,8,True,True,"For the following form of political action that people can take using Internet and social media tools like Facebook, Twitter etc., please tell me whether you have done any of these things, whether you might do it or would never under any circumstances do it. Political action: ""Signing an electronic petition.""",Have done,Might do,Would never do,,,,,,,
Q219,8,True,True,"For the following form of political action that people can take using Internet and social media tools like Facebook, Twitter etc., please tell me whether you have done any of these things, whether you might do it or would never under any circumstances do it. Political action: ""Encouraging other people to take any form of political action.""",Have done,Might do,Would never do,,,,,,,
Q220,8,True,True,"For the following form of political action that people can take using Internet and social media tools like Facebook, Twitter etc., please tell me whether you have done any of these things, whether you might do it or would never under any circumstances do it. Political action: ""Organizing political activities, events, protests.""",Have done,Might do,Would never do,,,,,,,
Q221,8,True,True,"When elections take place, do you vote always, usually or never? Please tell me for local level elections.",Always,Usually,Never,Not allowed to vote,,,,,,
Q222,8,True,True,"When elections take place, do you vote always, usually or never? Please tell me for national level elections.",Always,Usually,Never,Not allowed to vote,,,,,,
Q224,8,True,True,"In your view, how often does the following occur in this country’s elections: ""Votes are counted fairly""?",Very often,Fairly often,Not often,Not at all often,,,,,,
Q225,8,True,True,"In your view, how often does the following occur in this country’s elections: ""Opposition candidates are prevented from running""?",Very often,Fairly often,Not often,Not at all often,,,,,,
Q226,8,True,True,"In your view, how often does the following occur in this country’s elections: ""TV news favors the governing party""?",Very often,Fairly often,Not often,Not at all often,,,,,,
Q227,8,True,True,"In your view, how often does the following occur in this country’s elections: ""Voters are bribed""?",Very often,Fairly often,Not often,Not at all often,,,,,,
Q228,8,True,True,"In your view, how often does the following occur in this country’s elections: ""Journalists provide fair coverage of elections""?",Very often,Fairly often,Not often,Not at all often,,,,,,
Q229,8,True,True,"In your view, how often does the following occur in this country’s elections: ""Election officials are fair""?",Very often,Fairly often,Not often,Not at all often,,,,,,
Q230,8,True,True,"In your view, how often does the following occur in this country’s elections: ""Rich people buy elections""?",Very often,Fairly often,Not often,Not at all often,,,,,,
Q231,8,True,True,"In your view, how often does the following occur in this country’s elections: ""Voters are threatened with violence at the polls""?",Very often,Fairly often,Not often,Not at all often,,,,,,
Q232,8,True,True,"In your view, how often does the following occur in this country’s elections: ""Voters are offered a genuine choice in the elections""?",Very often,Fairly often,Not often,Not at all often,,,,,,
Q233,8,True,True,"In your view, how often does the following occur in this country’s elections: ""Women have equal opportunities to run the office""?",Very often,Fairly often,Not often,Not at all often,,,,,,
Q234,8,True,True,"Some people think that having honest elections makes a lot of difference in their lives; other people think that it doesn’t matter much. How important would you say is having honest elections for you—very important, rather important, not very important or not at all important?",Very important,Rather important,Not very important,Not at all important,,,,,,
Q234A,8,True,True,How much would you say the political system in your country allows people like you to have a say in what the government does?,A great deal,A lot,Some,Very little,Not at all,,,,,
Q235,8,True,True,"I'm going to describe a type of political systems and ask what you think about it as a way of governing this country. Would you say ""Having a strong leader who does not have to bother with parliament and elections"" is a very good, fairly good, fairly bad or very bad way of governing this country?",Very good,Fairly good,Fairly bad,Very bad,,,,,,
Q236,8,True,True,"I'm going to describe a type of political systems and ask what you think about it as a way of governing this country. Would you say ""Having experts, not government, make decisions according to what they think is best for the country"" is a very good, fairly good, fairly bad or very bad way of governing this country?",Very good,Fairly good,Fairly bad,Very bad,,,,,,
Q237,8,True,True,"I'm going to describe a type of political systems and ask what you think about it as a way of governing this country. Would you say ""Having the army rule"" is a very good, fairly good, fairly bad or very bad way of governing this country?",Very good,Fairly good,Fairly bad,Very bad,,,,,,
Q238,8,True,True,"I'm going to describe a type of political systems and ask what you think about it as a way of governing this country. Would you say ""Having a democratic political system"" is a very good, fairly good, fairly bad or very bad way of governing this country?",Very good,Fairly good,Fairly bad,Very bad,,,,,,
Q239,8,True,True,"I'm going to describe a type of political systems and ask what you think about it as a way of governing this country. Would you say ""Having a system governed by religious law in which there are no political parties or elections"" is a very good, fairly good, fairly bad or very bad way of governing this country?",Very good,Fairly good,Fairly bad,Very bad,,,,,,
Q240,8,True,True,"In political matters, people talk of ""the left"" and ""the right."" How would you place your views on this scale, generally speaking?",1 (Left),2,3,4,5,6,7,8,9,10 (Right)
Q241,8,True,True,"Many things are desirable, but not all of them are essential characteristics of democracy. Please tell me how essential you think ""Governments tax the rich and subsidize the poor"" is as a characteristic of democracy. Use this scale where 1 means “not at all an essential characteristic of democracy” and 10 means it definitely is “an essential characteristic of democracy.”",1 (Not and essential characteristic of democracy),2,3,4,5,6,7,8,9,10 (An essential characteristic of democracy)
Q242,8,True,True,"Many things are desirable, but not all of them are essential characteristics of democracy. Please tell me how essential you think ""Religious authorities ultimately interpret the laws"" is as a characteristic of democracy. Use this scale where 1 means “not at all an essential characteristic of democracy” and 10 means it definitely is “an essential characteristic of democracy.”",1 (Not and essential characteristic of democracy),2,3,4,5,6,7,8,9,10 (An essential characteristic of democracy)
Q243,8,True,True,"Many things are desirable, but not all of them are essential characteristics of democracy. Please tell me how essential you think ""People choose their leaders in free elections"" is as a characteristic of democracy. Use this scale where 1 means “not at all an essential characteristic of democracy” and 10 means it definitely is “an essential characteristic of democracy.”",1 (Not and essential characteristic of democracy),2,3,4,5,6,7,8,9,10 (An essential characteristic of democracy)
Q244,8,True,True,"Many things are desirable, but not all of them are essential characteristics of democracy. Please tell me how essential you think ""People receive state aid for unemployment"" is as a characteristic of democracy. Use this scale where 1 means “not at all an essential characteristic of democracy” and 10 means it definitely is “an essential characteristic of democracy.”",1 (Not and essential characteristic of democracy),2,3,4,5,6,7,8,9,10 (An essential characteristic of democracy)
Q245,8,True,True,"Many things are desirable, but not all of them are essential characteristics of democracy. Please tell me how essential you think ""The army takes over when government is incompetent"" is as a characteristic of democracy. Use this scale where 1 means “not at all an essential characteristic of democracy” and 10 means it definitely is “an essential characteristic of democracy.”",1 (Not and essential characteristic of democracy),2,3,4,5,6,7,8,9,10 (An essential characteristic of democracy)
Q246,8,True,True,"Many things are desirable, but not all of them are essential characteristics of democracy. Please tell me how essential you think ""Civil rights protect people from state oppression"" is as a characteristic of democracy. Use this scale where 1 means “not at all an essential characteristic of democracy” and 10 means it definitely is “an essential characteristic of democracy.”",1 (Not and essential characteristic of democracy),2,3,4,5,6,7,8,9,10 (An essential characteristic of democracy)
Q247,8,True,True,"Many things are desirable, but not all of them are essential characteristics of democracy. Please tell me how essential you think ""The state makes people’s incomes equal"" is as a characteristic of democracy. Use this scale where 1 means “not at all an essential characteristic of democracy” and 10 means it definitely is “an essential characteristic of democracy.”",1 (Not and essential characteristic of democracy),2,3,4,5,6,7,8,9,10 (An essential characteristic of democracy)
Q248,8,True,True,"Many things are desirable, but not all of them are essential characteristics of democracy. Please tell me how essential you think ""People obey their rulers"" is as a characteristic of democracy. Use this scale where 1 means “not at all an essential characteristic of democracy” and 10 means it definitely is “an essential characteristic of democracy.”",1 (Not and essential characteristic of democracy),2,3,4,5,6,7,8,9,10 (An essential characteristic of democracy)
Q249,8,True,True,"Many things are desirable, but not all of them are essential characteristics of democracy. Please tell me how essential you think ""Women have the same rights as men"" is as a characteristic of democracy. Use this scale where 1 means “not at all an essential characteristic of democracy” and 10 means it definitely is “an essential characteristic of democracy.”",1 (Not and essential characteristic of democracy),2,3,4,5,6,7,8,9,10 (An essential characteristic of democracy)
Q250,8,True,True,How important is it for you to live in a country that is governed democratically? On this scale where 1 means it is “not at all important” and 10 means “absolutely important” what position would you choose?,1 (Not at all important),2,3,4,5,6,7,8,9,10 (Absolutely important)
Q251,8,True,True,"And how democratically is this country being governed today? Again using a scale from 1 to 10, where 1 means that it is “not at all democratic” and 10 means that it is “completely democratic,” what position would you choose?",1 (Not at all democratic),2,3,4,5,6,7,8,9,10 (Completely democratic)
Q252,8,True,True,"On a scale from 1 to 10 where “1” is “not satisfied at all” and “10” is “completely satisfied”, how satisfied are you with how the political system is functioning in your country these days?",1 (Not satisfied at all),2,3,4,5,6,7,8,9,10 (Completely satisfied)
Q253,8,True,True,How much respect is there for individual human rights nowadays in this country? Do you feel there is,A great deal of respect for individual human rights,Fairly much respect,Not much respect,No respect at all,,,,,,
